ticket_id,0,1,2,3,4,5,6,7,8,9,10,11,12,13,14,15,16,17,18,19,20,21,22,23,24,25,26,27,28,29,30,31,32,33,34,35,36,37,38,39,40,41,42,43,44,45,46,47,48,49
1,0.21076070012308243,-0.1572675789144655,0.0647952674666143,-0.23494669675016483,0.05512545142599463,0.021270535809693836,0.3624949321646465,-0.18253481061402393,0.16687745918337774,-0.20189666037138454,0.2623108279428497,0.08973616110291827,-0.24116879941851296,-0.13661455610785922,0.16136441863092169,-0.09860108364759253,0.0675095320669281,0.006553184162351081,-0.09919831079184907,-0.12011600431040939,-0.23220460081213823,-0.24571652000963262,-0.4680248047405489,-0.14668385958942004,0.06640238036183381,-0.02946022110672323,0.0754483491739014,0.023090352371497497,-0.05026780422703904,0.04265826603911871,-0.04484151768929541,0.008713256337977864,0.03494284374002375,0.038523992729882106,0.06553422562404332,0.016624916339258944,0.0022881956928962333,0.04863445253117141,0.004105217102036984,-0.10313453698075876,0.003562801136270402,-0.08103520214157875,-0.06560543354539936,0.08853719382399017,-0.009856627659961453,-0.02082631574103147,0.054339801615449296,-0.0020847431660412225,0.025075527020845884,-0.00977545109940181
2,0.0488255959573026,0.07618547314434138,0.10571117217210466,-0.057489408214449554,0.6842728998370596,-0.37112382178663206,0.012445066407812401,-0.07457080133134227,0.023147506374668753,0.10074127004094076,-0.15917576792575694,-0.40386058101143757,0.02749373748293333,0.01706839395486132,-0.07924656439958855,0.038183448681368144,-0.08640504071254701,-0.003277608144246151,-0.04375503961885459,-0.0875958149956271,0.002985386709805929,-0.10373571025878493,-0.0482942201574843,0.05291654105049551,-0.04955465883712877,-0.13695889565589975,0.054770460022630654,0.0548449948666672,-0.1649952874981593,0.005091056720931918,0.14462582112041117,-0.08739304156456097,-0.022883240261308304,-0.031866279674632236,-0.04787442272705924,-0.025734464064899477,0.13416565198947017,-0.01909907540163707,0.01859819091815479,-0.0019047221359627942,-0.054194820081064146,-0.00801560690278145,0.0011787266842702565,0.02999207039872627,0.08900514781091143,0.031441358631845585,0.020408948075136213,-0.06121650745445592,0.02841786146467086,0.027213152820304815
3,0.12424030144522584,0.7176878950911254,0.00894722311405331,-0.4341059477058594,-0.17096385290229493,0.010172496290299857,-0.04553329683037777,0.1242651241308173,0.16016318503721474,-0.048866713449410064,-0.1204538439269366,-0.07235168875366493,-0.07635146033933726,-0.246826584459862,-0.10824982976951823,0.09690531462298091,0.05694438707221716,-0.0821314626279633,-0.04833542023610378,0.14416030234993826,-0.1671795379389128,0.08432495267407121,-0.007874641447405739,-0.0449546041664243,-0.07804105637655581,0.03545678778130382,-0.03223477699684106,-0.0002149429322210114,-0.07270009744814296,-0.019154353526024334,0.03070400148668044,0.019612525499195257,0.03510775669737865,0.022363036066944904,-0.010859635565789338,0.05040356904481861,0.04903560523093191,0.005571979235012714,-0.026578797521357608,0.059873101317940304,-0.018755061551344966,0.020690078854389383,-0.019851893844725015,0.01661015449087079,0.0009309223285244384,0.014593748961991755,-0.003267999630296713,0.0001962112007465218,-0.004845620326507209,0.004218785381051823
4,0.005270942789244624,0.07721831412095978,0.8303021688314396,0.19421818779678476,-0.11130252940338875,0.031173963440686868,0.014801918456586375,-0.009185517345292441,0.0003715742644120469,0.00042869036335785315,-0.0026842281640733316,0.03532352649425541,-0.0034348205150888413,-0.00097436193649065,0.015075014400090334,-0.011954016065269355,0.018682967797394784,0.007098284691774398,-0.0010769846598323676,0.02829656204436982,0.053405478207658515,-0.0410134419774284,0.010643519018635712,-0.05614366632109326,-0.06055526010152516,0.0715039305592872,-0.008052284054815803,-0.010012937979797142,-0.09275885766276254,0.02524660282533593,0.3295788625674509,0.1398026229126654,0.03720593758489966,-0.045395967521219334,0.19847378386603645,0.005935638811259301,-0.09850051977023247,-0.008467149232651596,0.041597534553213814,0.004037734195996432,0.09223973813340205,-0.13717522916904468,0.06734240148691334,-0.06573470979743241,0.045687016786640534,0.041612366853027515,-0.030271914638605686,-0.029423966575716515,0.003842875798117748,0.006395784680226812
5,0.034906487105403915,0.1897675517338817,0.08777693338209029,-0.14416975441406427,0.07161709722103098,0.035835680038644194,-0.025255608080488153,0.0746928273536422,-0.21597559065878824,0.06027499698748246,0.009531990331962005,0.27876042019434727,-0.041587320173687416,0.04412647565027132,0.14585436430507784,-0.1321466575315733,-0.15089428847728653,0.08979346608630129,0.10964501466573306,-0.054592167186291445,0.4748110913461929,-0.3654746392451702,0.009657530528787657,-0.27248431513250565,-0.2078980462444952,-0.273242511552437,-0.22173628650086002,0.005118798722984963,-0.0864304434949582,-0.042891603514101095,-0.2708867947596613,-0.07003089370545813,0.0458330369963739,0.002582344261501973,-0.0869250965560888,0.024137312602680133,0.04052676462817808,0.008549567027989813,0.01819350949486185,0.03792382266540278,-0.03591963276175752,0.016460357679161014,0.008161789825206059,-0.012002798014139782,0.010103049662667077,0.026724255416571287,-0.02003812942824059,-0.02237466708827751,0.0044828323143831054,0.007504355917200691
6,0.10719154825557103,0.23456904268469583,-0.018770265569025564,0.024549873138104458,0.10262101844219101,-0.09617268794350806,0.005656385365415238,-0.2241495798135943,-0.3592867491174675,0.18149245147161014,0.319508865499575,-0.14731480072962577,0.07631191498496757,0.20342681365724197,0.10672116400995323,-0.20874147349718192,0.4692991915070318,0.06346107955324887,-0.11809795906279816,0.11759281592987848,-0.05127082228726484,0.08624294411322854,0.02917632177761497,-0.08363869518386477,0.0395617746178074,0.020045146960560783,-0.10084499274644161,-0.11047938385148953,0.17344256296280064,-0.08571587436302554,0.02338147838500859,0.022600839677842793,0.09262506114269323,0.1577880224719906,-0.028440340953609436,0.11048842981515886,-0.2616810699156033,0.08564671573330783,-0.10166248785933943,-0.03142050316908583,0.006447239583470987,0.07515596206162606,-0.016585001670886106,0.007689364018548167,-0.008569531677298237,0.012508028451930983,-0.0025079862287382543,-0.027882448307957886,0.020048228941167368,0.02507132872682545
7,0.0,0.0,0.0,0.0,0.0,0.0,0.0,0.0,0.0,0.0,0.0,0.0,0.0,0.0,0.0,0.0,0.0,0.0,0.0,0.0,0.0,0.0,0.0,0.0,0.0,0.0,0.0,0.0,0.0,0.0,0.0,0.0,0.0,0.0,0.0,0.0,0.0,0.0,0.0,0.0,0.0,0.0,0.0,0.0,0.0,0.0,0.0,0.0,0.0,0.0
8,0.08968618590718198,0.09846491833043312,-0.046799729737526094,0.15784924059300995,0.003162598242789477,-0.007322157045810017,-0.055393051058775705,-0.34319612121714393,0.010000973463046636,0.3094085985831777,0.3439695667967093,0.15122171741551227,0.08382305190211961,-0.31346822420610443,-0.18717296661114474,0.2458891259053077,-0.27016253863837736,-0.06272549029830546,-0.0021869180795855148,0.008668446856614866,-0.010782997140623599,-0.2506771595993708,0.05139786656910394,0.2752082512153291,-0.15385477270820536,0.15157089227578288,0.07187067872680664,-0.1034238705740552,-0.03237098991378444,-0.03754871847815027,-0.05255376294694668,-0.0659760594763103,0.210995728777161,0.1360739603939746,0.06453630867015878,-0.09081314133257878,-0.049931927989543726,-0.015822416793560518,-0.07292717356568568,-0.017048620809067806,-0.04592257691457692,0.005058888066015704,-0.07793621389757505,-0.10467654417073122,0.028951437488350554,0.01562576589605233,0.0388175684896689,-0.019119781001231753,-0.006157147347803326,-0.007478178655942261
9,0.08855463867145015,0.5495296779067567,0.03233638636720121,-0.4096318056574134,-0.059218903136696754,0.11587213464864898,-0.02568762274456729,0.13245992492868885,-0.21424789937534952,0.012230166123639918,-0.028329951140327155,-0.03277286598566653,-0.09710638922835861,-0.14967812154242496,0.01725466865863104,-0.022405507190472324,-0.26710585672715775,-0.027815861088714866,0.08252214958465466,0.05397260749605684,-0.2097708826921288,0.226836617412962,-0.1563388750023556,0.10777789798549417,0.17745974508329065,0.20997775635511587,-0.18469151091956573,-0.03412298212997653,-0.20863701676416274,0.02982502640274442,0.09908371705920455,0.01055989357758998,0.04053467142188094,-0.07104715947134396,-0.07313129120503095,-0.022632621946219594,0.01061194578503925,0.008802509086785593,0.04018618703641734,0.0030026968025734617,-0.08057934247258401,0.07460123505814455,-0.006207654059415006,0.0026243820412073723,-0.010532840617739098,0.005531384716278745,-0.010100885404181081,-0.016416318851316558,0.007743986104906064,0.00438275817658808
10,0.05246352741611503,0.09388633809437456,-0.03873972223251164,0.11780068017075526,-0.0314088934376445,-0.05531013134199143,0.14854399212838565,0.13370737948295647,0.2478981773512329,0.1962081985133364,0.1228467600297615,0.013019549275821244,-0.1879953784569491,0.5037002384926663,-0.025871135306388623,-0.2238260263217736,-0.34297868730395104,-0.3268534243277383,-0.08247207884042662,0.26558889115144346,-0.12405943975290666,-0.08342785177622691,0.06657458722417577,-0.032602207473532506,0.01609533918292011,0.02656191957672907,-0.03019363099928403,0.2174265634347531,0.04294645874965693,-0.046603284917406965,0.016426143440231706,-0.00018049677338605012,0.12020325562641677,0.11548324875374774,-0.00022585130741958111,0.160121344487133,0.029291906195511072,-0.17533009622027845,0.006713662734217696,-0.024641559329553808,0.004326348639135599,0.0038163221270300636,-0.010049025980872511,0.008921851148210189,0.013831179129447924,0.03578875812908168,-0.009767192153418595,0.0399659247513548,0.037034188974563856,-0.009317349854418538
11,0.12347636314946915,0.11919516204313726,-0.04407753263295319,0.14010316209935791,-0.012270601607649846,-0.14432541537684798,-0.0361949920718188,-0.25261803684478273,-0.25843662491925756,0.12931167060510138,0.2968761259757582,0.0025077581884486513,-0.019605314447891008,0.01254909807456428,0.08343868384650056,0.2049244783277691,0.3085913579978968,-0.4277236395633697,0.1447168564865697,0.11283770715149885,0.09428997391885768,0.2542199605692305,-0.10500016175304265,-0.28781003858217874,0.18373781986821744,-0.18873661988726093,-0.09417425910621206,0.0863306368239184,0.06363514926996731,-0.02313208833043498,0.10329453502167973,-0.006369224959130462,-0.025298445000160263,-0.053297897380631294,-0.04899197018355212,-0.043565716072397384,0.16712678129672964,0.00020810488280766266,0.13503403132159594,0.026966857005846005,0.01064545347320231,-0.02676887445367524,-0.04571023476870299,-0.042520255479161245,0.036001701187287814,-0.020413521596966508,0.010410818658529108,0.002638398143431156,-0.009281387884605604,-0.01305570147452366
12,0.048467265462820326,-0.04402531510951264,0.023695857557824385,-0.07709325225971451,0.06485237155031678,-0.0032442327333723903,0.1918808639420316,-0.12003523218680795,0.12814040688088202,-0.1685705595858835,0.18954970314279476,-0.0013500173713044405,-0.2608572348695347,-0.2172993834288449,0.2773146138120015,-0.1812059576519674,-0.013468802698270659,0.007500041580967537,0.06536613948707329,0.11673674179275007,0.17253882012436442,0.28017462925001,0.4997896897084786,0.33943604707950414,-0.04160559734599235,-0.24024128101702624,-0.007912649815767336,0.042903556017484384,-0.10122936591654884,-0.06415679716114311,0.07206107228563124,-0.043379471491603434,0.08397270609531174,-0.11289986577288423,-0.05525465345656136,0.06298194936171067,-0.007640749808559605,0.0563332576775194,-0.018355819128815905,-0.062199970772036484,-0.03492965842115933,-0.08405458499162335,-0.08159695535736818,0.023359880262653843,-0.049567174193066166,0.0041982700053613126,-0.030708625528701808,-0.01606522019030459,0.012800296935737136,-0.010503749331184812
13,0.23141837256877892,0.11508537232270766,0.04753691098416173,-0.24518636289350462,0.12855189065352599,0.3362578261911664,0.09750529059089369,-0.047948956163648665,-0.13760772844297156,-0.08991404416665501,0.04673443556549994,0.10628838515234716,0.14250039632700748,0.30919401782740347,-0.034657419861815086,0.18120950586176646,-0.10202550704938733,-0.0319719279029026,0.02867079249612137,-0.2525734635043388,0.07923963074426878,0.012026787569085925,0.15445007765612434,0.08572808016041111,0.037088063086821124,-0.12428639926641716,0.46662304186883075,0.03279146443442256,0.3456265660725787,0.010224954200523367,0.15047042697696003,0.12764664836595596,-0.028074765683514864,-0.014770062079126761,0.08782566780542227,-0.01945437163234042,0.07767090059884213,-0.02356989526454919,0.004312482379307599,0.028539187395753323,-0.0806178250896201,0.0718405382370815,-0.03379220899420626,0.03916948832615526,-0.0011179038679549613,0.006448594148340696,0.002661545659012013,-0.013778713237787468,0.005108768277056974,0.006865940013950092
14,0.0,0.0,0.0,0.0,0.0,0.0,0.0,0.0,0.0,0.0,0.0,0.0,0.0,0.0,0.0,0.0,0.0,0.0,0.0,0.0,0.0,0.0,0.0,0.0,0.0,0.0,0.0,0.0,0.0,0.0,0.0,0.0,0.0,0.0,0.0,0.0,0.0,0.0,0.0,0.0,0.0,0.0,0.0,0.0,0.0,0.0,0.0,0.0,0.0,0.0
15,0.0031357612320190827,0.07300019187951329,0.891791880494368,0.22242689640962982,-0.18761895353737487,0.07414254199007098,0.04226281486727309,-0.04649616491348181,0.005198923626005578,-0.02719096610075506,0.02466969448027831,-0.19188906201295014,0.012902063329695845,0.0027264212600054683,-0.032538635769987674,0.021344882077543415,-0.0300477608517484,-0.008866956203271423,0.0011622153357418175,-0.028034765820968234,-0.046576764640858775,0.032907451544633246,-0.008211389094003346,0.04154873325066516,0.042824352507379926,-0.04547525892734999,0.004982951686794926,0.00581091817186509,0.05297665589303806,-0.013423472165047523,-0.17390229816913907,-0.07021247015006869,-0.01842885110019086,0.02211595402788627,-0.0891088345068383,-0.002549537105710639,0.041798469638474105,0.0034624762825775854,-0.01644560679277078,-0.0015452793670458417,-0.03444693653090111,0.05056258619201029,-0.02455364346944583,0.023900000555555967,-0.016333002854623996,-0.014637118347121364,0.010603954280013372,0.010262541189925783,-0.0013178929026809545,-0.002184653379071755
16,0.06152924839745701,0.05717418003165185,-0.04302109490018723,0.17464425359683483,0.05222131595797343,0.10711643034492162,0.344789790545541,0.483623278159375,0.08015753531992438,0.4135328229535999,0.12797856451457557,-0.09624529547191185,-0.2264134822894449,0.01943540225689628,0.17936098154199925,0.3970269957266811,0.12463038627706827,0.26224120205354606,0.07365035637233641,-0.01904027126665383,0.023232916591936256,0.01851703520199441,-0.018780744974647545,0.009012457284676818,-0.0037041366099613837,-0.0060092718456794605,0.008690893794366321,-0.06896580956092471,-0.012643169097016668,0.014999075596320043,-0.005605804487593211,-0.0005187949762612074,-0.04524641946772649,-0.04532690066857321,0.00040371480374344783,-0.10381908623956976,-0.019923863422802664,0.15160593084410123,-0.024958759082932297,0.0750772020263218,0.023873631096917796,-0.0022291470450704802,-0.0455219385889635,0.0184121595097941,0.03411727888645376,0.03822139715266187,-0.005584941567354385,0.036496185616694654,0.02481970239400758,-0.007315584323781781
17,0.11323690082196591,0.4763763406737648,0.04624175269444966,-0.34803308736842864,0.07592755769656605,0.10811406801297607,0.0010336972202989979,0.014730644269497658,-0.42136934178117474,0.0987696747779209,0.13053303596875024,-0.0576004093406742,-0.001966834101877951,0.1318669499697192,0.12404734238865871,-0.17706941985381205,-0.0033535799381292815,0.0979051754854315,-0.052922611202622684,-0.03361046532915207,0.011237120202862737,-0.09004062347227504,0.06370527124142852,0.09260641228082002,-0.007893631779679812,0.12636718449653628,0.04274711357017283,0.024322410556139824,0.0831243388423546,0.05184067331475116,-0.2659497617213983,0.34197942368435685,0.13650710200335658,-0.22857192583019537,0.019270006168394666,-0.06024753892801854,0.06953366750282432,-0.033268362955379945,0.012025494277577643,-0.03975509283508875,0.06833762629496772,-0.09187192137926814,0.021950779393445384,-0.009808496424992319,0.02403727796133892,-0.01246777644402888,0.014829861654960419,0.011240108677765967,-0.0037173481188239946,-0.007548363585901935
18,0.01477307754842563,0.03875827278591715,0.1715790096824917,-0.0032109953017572246,0.3135693968589974,-0.19805593849864253,-0.11154183677461466,0.13113749031630156,0.04689999957487054,0.08309387182514508,-0.0985996310131291,0.663025987476208,-0.037044945289250654,-0.02644844485267002,0.07348636967455953,-0.030524044022791352,0.1711673809476685,-0.008777053001473828,-0.0532487995864174,0.10135838683592241,-0.14167652603741832,0.14099763605413698,0.006719036242027368,0.10709106652745513,0.08739876962607261,0.1815171340076857,0.15455622610800607,0.0016582485326590846,0.12595740296011837,0.010770996066503323,-0.11926470988862675,-0.1195754586480607,-0.09782759288722813,0.06476463581808889,-0.2470271969979188,-0.047352075831652976,0.12432355494870917,-5.3629672618571433e-05,-0.11006396485720492,-0.11108775859999537,0.0722309117519836,-0.0655314952692302,0.006931752885659944,0.00010925227346798849,0.060268706814992634,0.015247758596274683,-0.028491992462091914,-0.022724430555140424,-0.007085241809199172,0.009106751583257092
19,0.021036745395336287,0.02436682481517745,-0.019302807071025163,0.08029525181102885,0.027267376025538314,0.061043060139271556,0.20406850030351292,0.31244936700212445,0.056022777217533265,0.30636139359533543,0.10129289291871996,-0.08063638250166887,-0.20263950280378273,0.018819945187790926,0.19195750543026088,0.4700937571985806,0.15830868680493415,0.4220695623544004,0.14606412997111706,-0.044539918934028574,0.07742843109152309,0.08924241631936752,-0.1165031938254828,0.08187905621736771,-0.07150103578864561,0.06313977230677625,-0.06407089496839796,0.2933219302879517,0.04845258206161658,-0.03931901716889468,0.014197197596675662,0.0010720788547304155,0.08877345444004184,0.08378304956581195,-0.0005741414045186688,0.13030482492593518,0.024204844835800956,-0.16740754882054731,0.02537528530051456,-0.07075134455730744,-0.021291354086256153,0.0019316689328216785,0.03852706119396149,-0.015488746674427595,-0.027688048836791018,-0.02998607672136011,0.004344125662296361,-0.028136922340264672,-0.018489126439095976,0.005406015356684002
20,0.17575478895317703,-0.12807343797908538,0.06547703582394646,-0.2078913378237769,0.15398765927565067,-0.007058093171577863,0.4019441208753299,-0.2303519404498774,0.227311501253163,-0.2821066144454421,0.29691829582048673,-0.001997760497727284,-0.36135714831470456,-0.27822058812487027,0.321255980851467,-0.18974206233223923,-0.013146307200474563,0.0057774494578066715,0.040863889725058375,0.061870961859589436,0.06418679466099936,0.07207497961386178,0.09988904651603286,0.046321641730636964,-0.0026722803277108333,0.028347976579354034,0.0013307031624993568,-0.012506569037139148,0.03274923261798954,0.030343111029047482,-0.035276998860006015,0.026026087110590283,-0.053063371117476915,0.07572667297451435,0.04817040055635139,-0.0622140385955932,0.007797633575541777,-0.06325015748923198,0.022384191656029204,0.08183124389232331,0.04855848468011785,0.12026050452545019,0.11953206183049872,-0.03442822678476507,0.0757236927594308,-0.006634571326137288,0.04894769254091244,0.025835279123634952,-0.021303738002608964,0.017622669047034904
21,0.04575984019844645,0.058645848860176625,-0.026127371658770826,0.08805499341070837,-0.002486505352267106,-0.049859154472282015,-0.03540056694443327,-0.24986541887724578,-0.09807326907483685,0.21672202556281805,0.32651994905707704,0.09078647881838799,0.04304066936171271,-0.20770585083296342,-0.09071626965658228,0.34425254373294,-0.019096009275063802,-0.464008887996726,0.16062135005676356,0.16488125051698804,0.15381116914663615,-0.1555012905444606,-0.14603513419488762,0.2766749699729397,-0.07720806746395728,0.004897786750730937,0.0213097196829915,0.10162649160956469,-0.051366619595678724,0.1041860215789904,-0.055087056420333055,0.10391228195987055,-0.26441464165026163,-0.12166508945143889,-0.025160985234154117,0.11178249931557675,-0.07290528039082139,0.01222319795299064,-0.025871904708860638,-0.003133347142057659,0.023545083562539176,0.010130004046143178,0.06870536089959417,0.08266559000254682,-0.03327761792200607,0.00046557871718153065,-0.02596842957366824,0.009262993865788396,0.0071866006919026025,0.009410063382871564
22,0.04046308640269311,0.043149250951245374,0.17670590507922856,-0.024731363599379445,0.5593703469784211,-0.3159246061773763,-0.15732643292076345,0.1454676003511926,0.10248313742104223,0.06187037005824018,-0.08112783179332654,0.3735681970885326,-0.008064280865535282,-0.02557271847180064,-0.03347891870700197,0.048472179387769224,0.05923410494917124,-0.04155141040405184,-0.03052573530008844,-0.04940508091744349,-0.2245418008854687,0.15298800948376273,-0.026579501455917056,0.15285931007613482,0.1422875205914133,-0.15061132055841409,-0.013850302717919663,0.013411111944559195,0.07954974293200429,-0.03058835741686571,-0.25670762008095566,-0.02808779384079445,0.0397948026044313,-0.01841953268524506,0.18360629315123328,0.04914818702267501,-0.13907037912912024,-0.001982272779852051,0.15818267729918467,0.15592312000584918,-0.04038270977419281,-0.007791303842669552,0.045410292087268433,-0.05589817354433488,-0.05389714240304276,0.01736312622640066,0.01598862918157136,0.006863405592632321,0.016867597553969584,-0.008466834210026752
23,0.11894708898000533,0.07648703473379151,-0.041968502198310144,0.14616053992521874,0.027115145086407836,0.1174267044378735,-0.14462903365603513,-0.3459379871267133,0.1167754807752564,0.38713497850005174,0.17699720979070993,0.10485097273301461,0.011931583554597336,-0.2982922367101561,-0.08736415613113035,0.020575203377707414,-0.30888140484549387,0.25810681635278,-0.2659072017651416,-0.16759400101910976,-0.15896605636891858,-0.021579805026739014,0.24660578354088752,-0.24012266905169544,0.06590714553040303,0.04558111972329402,-0.004784481489345557,0.0924717728577962,0.053375930157730886,-0.04739555322555978,0.045380673119773215,-0.05028328632320982,0.06179845095662484,-0.021614359961693433,-0.04445234749445123,0.00797292441095028,0.07486596089586241,0.07081717431081314,0.1585950822749975,0.012097181968251151,0.12167706229762594,0.021597662726025056,0.018094275689330683,0.06127138089959088,-0.03708129464938623,-0.05013120386446039,-0.04938935279070101,0.022770060062368883,0.014512746469730962,0.01941127255960305
24,0.05169878674540107,0.17720769090747596,0.03260537582254219,-0.0810473886146262,0.26962317490739085,-0.13623841472543533,0.006937804104279266,-0.11994146875683147,-0.2883495612176553,0.1666084825812536,0.1364271268613775,-0.3078951136554846,0.05894553636638761,0.19712476741929982,0.08368207000578912,-0.22975435400787095,0.32286037860296335,0.13518451232809567,-0.25383597931960666,0.02080525601061945,-0.08917756489503192,-0.22656807578821891,0.11617456636612469,0.1734161920190383,-0.1473334594002375,0.13264789491398776,0.10066654358220631,0.12025749302957311,-0.19736854940492432,0.07788423683824218,0.04410471384428469,-0.24115370823209617,-0.2133323327514653,0.03551507174311942,0.05539861203110735,-0.03722250867578085,0.07166807078478413,-0.032668531848829424,0.05085297150985302,0.03748457178898497,-0.0020778837809522777,-0.002499308286103983,0.00019876637954376747,-0.015798739757638597,-0.04803570180013425,-0.016960087094346737,-0.013560850635425323,0.03878515639206667,-0.021377285109490038,-0.021821562605210044
25,0.2585189257804378,-0.06176080846629785,0.044200492505772654,-0.13334953224864673,0.17196955492316937,0.3187166673787212,0.025026968423518703,-0.01302638383267269,0.08028026569531899,-0.1906662360968659,0.1453214487584869,0.10341675510057326,0.19417692234111328,0.309722851178839,-0.14928364732543792,0.28242938651795374,0.07352749083944257,-0.08088210740031751,-0.028852600902386262,-0.2277219489563015,-0.10468188235968288,0.058763473951587625,0.25478462293664855,-0.004790696563327825,-0.08999243213456157,-0.0434536618280755,-0.19087098521844384,-0.003714351194591195,-0.26435380659878593,0.1212733052312134,0.034509315605271755,0.17934702181976409,-0.03589156142868751,0.26355913243638956,-0.26950587989507163,-0.06352558247921691,-0.03691927064376803,-0.0027935982540252327,0.015019085999952593,0.018233184238971828,0.03224145064378149,-0.04261055501747116,0.04750252981104802,-0.020668252403188064,-0.02243612488841106,0.0007255429692991505,0.05453859609656239,0.01908381590243631,0.013236738317929396,-0.003829929644515753
26,0.10056878405432454,0.44754384622850685,0.04854076013822379,-0.3733825607591599,-0.0015789364490498593,0.17611242148669826,-0.0020844030193849783,0.11119815217752521,-0.26885309463262896,0.0005479909414143336,-0.00680406148032325,0.0900631404740837,-0.05011953566294686,-0.008909913298317168,0.055394432761091635,0.0017831082978695192,-0.3648154478290146,-0.0024691684946836993,0.16731806892800843,-0.1264851066403444,0.12039803837113322,0.03430899173558431,-0.08051782717422189,-0.0056570024168433285,0.1215104404284724,-0.18445800093857107,0.039687904000346136,-0.009756745140577892,0.0982320258324968,-0.03615341325428572,0.137532050198098,-0.3312679833653219,-0.19379777108197782,0.22402283358098682,0.06910746729595918,0.012022137508793546,-0.13685221364047806,0.010651255214815858,-0.0309952452061469,-0.04783209405425743,0.09089784833620307,-0.06692713779866395,0.016965605429397436,-0.017455452244395514,-0.0040863128914329794,-0.017989678909249567,0.009438968610790993,0.019648479561617013,-0.004942515656901712,-0.0071898253123016675
27,0.10717173619515466,0.005504746364496156,0.054449302231814684,-0.03999855361168364,0.4334446899743518,-0.10293087956695073,0.17196920207127872,-0.1314289077276697,0.12438688009037477,-0.12588755322154696,-0.07134504396151362,-0.26862877181216044,-0.02806643994286226,-0.09785395068176252,0.010353504335360468,0.057614681790516376,-0.17743435949405945,-0.015157220595003792,0.18119812355240794,0.1590342356023902,0.2486657829471551,0.06405839831793884,0.09618025536586391,-0.27467150769680015,-0.040446032053487964,0.46821491510147606,-0.09254971115395964,-0.10720078397973584,0.2453876281163919,0.06214229130289859,-0.07304847236458323,0.06056622164201357,-0.16543248556393553,0.13381061711577877,0.014064611481908691,-0.06705716092459917,0.004757710927400332,-0.05534976222901518,0.0023649380158679983,0.02961970896631364,-0.014259005271637232,-0.02561780318444115,-0.04136654559626392,-0.0012532712147269275,-0.04509154263646997,0.007070120906192259,-0.042784149301772004,-0.02068178644803218,0.019331218531381478,-0.016935291879875386
28,0.016231294491367836,0.07722897000451434,0.3295958802757777,0.016023712011854145,0.22866478010937652,-0.1403235820542258,-0.09042991361060408,0.12198100103356552,-0.015429133558235022,0.0863788576032365,-0.08321839178775232,0.6739978086333145,-0.047014406904132805,-0.010265201275377785,0.1260240900504725,-0.0841179692037009,0.11925414101208243,0.03530967210839066,-0.004568887404092791,0.10851327529389254,0.17339428450434632,-0.11774999009264381,0.028692422232814395,-0.14094818014961352,-0.13980739734302602,0.13131397207764725,-0.013802467381376651,-0.01426803560143323,-0.12544050328492318,0.02586753602613277,0.326037798053811,0.10607397815234229,0.02580081272834553,-0.02791434862968685,0.04378031980104499,7.2828051353897305e-06,0.0058807136711959765,0.0020968315668761497,-0.017562616879824335,-0.002394800389730223,-0.06677470457041,0.10898715923964127,-0.05748737036503135,0.05712602079452339,-0.043935688780143874,-0.04375575828344851,0.032532830723150684,0.03233146016250388,-0.004587561593541248,-0.007779888268489538
29,0.0031357612320190827,0.07300019187951329,0.891791880494368,0.22242689640962982,-0.18761895353737487,0.07414254199007098,0.04226281486727309,-0.04649616491348181,0.005198923626005578,-0.02719096610075506,0.02466969448027831,-0.19188906201295014,0.012902063329695845,0.0027264212600054683,-0.032538635769987674,0.021344882077543415,-0.0300477608517484,-0.008866956203271423,0.0011622153357418175,-0.028034765820968234,-0.046576764640858775,0.032907451544633246,-0.008211389094003346,0.04154873325066516,0.042824352507379926,-0.04547525892734999,0.004982951686794926,0.00581091817186509,0.05297665589303806,-0.013423472165047523,-0.17390229816913907,-0.07021247015006869,-0.01842885110019086,0.02211595402788627,-0.0891088345068383,-0.002549537105710639,0.041798469638474105,0.0034624762825775854,-0.01644560679277078,-0.0015452793670458417,-0.03444693653090111,0.05056258619201029,-0.02455364346944583,0.023900000555555967,-0.016333002854623996,-0.014637118347121364,0.010603954280013372,0.010262541189925783,-0.0013178929026809545,-0.002184653379071755
30,0.04502716679097966,0.046465269494918374,0.10744598648099384,-0.04459691118068006,0.6661536223995894,-0.3583264670008306,0.01134754829769469,-0.04624348395840365,0.10245953570674218,0.05650760651193358,-0.20149243791925933,-0.3165655253964092,0.009492631607595932,-0.0456666337621817,-0.10563621053139405,0.11633779507625426,-0.19762190683633035,-0.054935997683701894,0.06321299394682475,-0.08817188221314774,0.04343318227208585,0.020946697762603442,-0.09877642861873709,-0.04566633800392539,0.03898446260865587,-0.18381573617386143,-0.021622435217892817,-0.04275322599818928,0.02299134745977543,-0.05721512306188899,0.053216705461516925,0.1612599886977657,0.17820374834954544,-0.04853902800906647,-0.07839975815021116,0.04614088427176343,-0.08828505225007638,0.05643806896047795,-0.10907737148227789,-0.09257575635191988,0.07874019179125297,0.02295658097905635,-0.003404872110007978,-0.001307241390525779,-0.035290107699527444,-0.03710362513127906,-0.0063610650358912335,0.05679699396280015,-0.037421567014374275,-0.011806253290238128
31,0.3536027358997974,0.15165699545061428,-0.10747421309151046,0.415188535053562,0.10165541925586112,0.13667514951980816,0.18632611850723116,0.06482429401439779,-0.12996533121519022,-0.21745868928366122,-0.11900838906985822,0.05324281223725749,0.23297226541152127,-0.1855460364004144,-0.11016441336955776,-0.13814013688187482,-0.009776194541571498,0.1909999205112865,0.1644882841022768,0.3363200829087252,-0.15354674992182596,-0.11781449340808181,-0.016386961218631868,0.0012678461949631459,0.12301690386912542,-0.20954254800305425,0.007710917905859914,0.23043108757987932,-0.04533855290310715,0.0485474148841715,0.003613905576627661,0.06191715908325714,-0.03735204858425994,-0.014605600284747451,0.03709416353647475,-0.13411759319251104,-0.0027014680223646503,-0.13542000328172038,-0.1238548570657582,-0.019966793518263838,0.02588235583064155,0.030684923359885704,0.052733104031098196,0.005650066172778845,-0.061470711567940345,-0.008097480711087235,-0.02132206884161876,-0.004910526162785964,0.008635317558131557,0.007810282750257913
32,0.343387211286318,0.23009332276401961,-0.10712149353947081,0.31302371616026886,-0.16527428089816115,-0.30229830685343484,-0.0605009571017734,-0.15868443065270044,0.08673884317464664,-0.13247276573419273,-0.033845870739647746,0.06333380045926772,-0.14531594087452177,0.23116883353642886,0.05253267944536513,-0.020235040846652678,-0.08866142059631484,0.18019328350212982,0.10146014943326316,-0.3114334555735129,0.06810131666987314,0.1763539634884097,-0.10889992975902266,0.06745647972091087,-0.12435232451991302,0.05732655785773032,0.09036445051701719,-0.2780974355896951,-0.1663058609056088,0.08460609508254176,-0.07414556726166543,0.04470737605472225,-0.19106600952570119,-0.10344532744507975,0.02559528760208054,0.22172933743915096,0.04611827829457493,-0.07682709938811526,-0.03252004993800905,0.01305553035931789,0.07596423738612049,0.014640296685862128,-0.052615847757818454,-0.025829065076029722,-0.032866250251677546,0.010219900383404534,0.003469906887752991,0.02388099394889842,0.012421168874546792,0.015274132325467267
33,0.49200156945336176,-0.3394372960423508,0.08738142998088155,-0.336560178784502,-0.23865538440176767,-0.2960176492466899,0.12710244228153433,0.07464774096043852,-0.09396713127676173,0.2391896778199085,-0.07839863999444535,0.01906192714866639,0.08562161888477379,-0.012276062851375877,-0.26318844584973977,-0.02659019337268405,-0.004706030642674195,0.0644973426270839,-0.021847863351659752,0.05700641462557633,0.026512737676791465,0.015947802927269217,0.08712990397032848,0.05429144290173846,-0.0033335942107619587,-0.015124527468468298,-0.2059648945157836,-0.013930114823205773,0.13184721445492775,-0.12098370723189372,0.06179351347839257,-0.05804064307395549,-0.08972865384874221,-0.18564967276604372,-0.025970593493404984,-0.04909814977491436,-0.023560096102065553,-0.14405129765610597,-0.08803530367729875,0.08109917863145052,0.01678940280394914,-0.05056239340117327,-0.06089788208936047,-0.04422935056284345,0.028242551391532603,-0.09684117743753937,0.05688770081274033,0.016460307962658835,0.0219279544950109,0.010559138893239495
34,0.0660451996625645,0.07128480656338332,-0.0458495682319949,0.17571402485387785,0.03279365453460733,0.06514688739179153,0.3021245608513792,0.3836401810882716,0.1379880747168007,0.32893472319011596,0.12036536463193148,-0.0470201024233061,-0.186555675199777,0.22213741584651614,0.04509595750416308,-0.028654709602614833,-0.15787897179997387,-0.2591073698987902,-0.10629456783616534,0.2003445462257441,-0.15404085700717818,-0.15815189619848008,0.18755811043105602,-0.13247568003620927,0.11758064291634732,-0.08870612547903124,0.09483575047682069,-0.42104200445616846,-0.06143887347519141,0.04045182818184941,-0.016514346037989427,-0.008644271017015958,-0.07623556601672948,-0.06878174610159324,-0.005384571620100867,-0.00040334115510920476,-0.0016940084398139946,-0.006872139162768187,0.033639787767496085,-0.04906095768348312,-0.025849764375106624,-0.0036970316579849065,0.03744758224296307,-0.0207087529113249,-0.02826318025869317,-0.04776005603075818,0.011615983470672182,-0.048244010015005785,-0.03803097191981409,0.009304778085472825
35,0.16846298550715808,0.4931091600774702,-0.0630123479588335,-0.03422515873264602,-0.22097531056217865,-0.2260281281455033,-0.024963643181132845,-0.06686299498313036,0.5670931716365739,-0.07349029062277221,-0.07094549605392203,-0.012562927434136206,0.07776628552263011,0.05222637273810225,-0.059288375695733184,0.04319860630451215,0.2590740709347332,0.03562281278256374,-0.031350018480609546,-0.10283817991898599,0.20014892916077132,-0.13306821157795684,0.03807880734505275,0.03420236423552551,0.08106093530999223,-0.02697260652799048,0.018535734581064126,-0.009282637675642927,0.06026731361416611,0.05085044542904558,-0.01327834671248362,-0.03544597558782075,-0.05119917153792075,-0.0958675341100893,-0.0346098439698245,-0.1562320160860048,-0.12267420545878469,-0.006356508243742384,0.1271849103280441,-0.18378771214079415,-0.04786361050594845,0.03528388503254845,0.05758604425751984,-0.05201905944876267,-0.01879840357192069,-0.04272360085858923,-0.004082557040654793,-0.02629335929624367,0.03007267032913044,-0.00825303343926527
36,0.23296190872093064,-0.12684799565486374,0.027640647815667954,-0.07784618940824319,0.0249735975972541,0.2427750088197641,-0.3199450719284965,-0.032882035875789445,0.17181770714470604,0.35718745282527026,-0.12515932021478196,-0.11668953745462067,-0.13593765651584544,-0.05622578394086136,0.008144034812432076,-0.31092058339163353,0.17754664746528628,-0.059311068604470024,0.49945668028859,-0.03470127395619475,-0.026325886013186757,0.0022041112076126718,-0.027484745020148922,-0.01931421927279895,0.009099854860181847,-0.010187320469301396,0.20220780999140905,0.004045147518344262,-0.10498082169455789,0.21872613056458415,-0.0569602070068849,0.04484524421815089,0.0850164285303188,0.15517334044987863,-0.0002661227590377291,0.010585518701876385,-0.038172369684671956,0.0193867630265966,0.00319841353906386,0.02153727361243085,-0.0992692000652731,-0.0518094943683552,-0.007928677011462304,-0.030928030112923527,0.05605381622901649,-0.07579323193001562,-0.056744141473162465,0.051732423863615165,0.00646720708785678,0.013322146387988704
37,0.5716750492260328,-0.32202819725414944,0.11246896714727465,-0.41899630832957624,-0.011464417910376667,0.05024015793854883,0.36729712278140875,-0.12977138739929492,0.08085076334971869,-0.07227657494422893,0.1286395528016117,0.12805105638726658,0.00129736527183779,0.07927365034380672,-0.105837356592228,0.06932108656407457,0.07427140197517705,-0.00029970174632889396,-0.09505238404409136,-0.11516510064242358,-0.13881792621228808,-0.12374424732863737,-0.177143486779669,-0.05993099129986469,0.006415206098830383,-0.02172043545092117,-0.013241728960100091,0.004639920886614889,-0.013446140811735757,-0.04597485242513344,0.052020135884754716,-0.02794814369506539,0.025846634478581848,-0.09142763270845689,-0.09685974254988867,0.039306522617311115,-0.009104768640635662,0.003907752173565454,-0.02452233887160077,0.05679618393535425,-0.04757914334124274,0.004092041642220733,-0.014127910956030089,-0.0937018911965354,-0.05253066837392689,0.037157117411756264,-0.12558417152136075,-0.019619763059581324,-0.020881822538498032,3.961517126702726e-05
38,0.10127190905484143,-0.05332319085397312,0.01859921967724967,-0.015917861435011442,0.0664555921912359,0.09128079125038244,-0.33187087569022244,0.17787176852819833,0.12684460208112688,0.008594136369735633,0.23693591914146225,-0.10965034975196239,-0.06998123301690572,-0.04634203722271066,-0.048349946636658106,-0.20893214848999264,0.11748329693373066,-0.03726484216865537,0.5353545012480854,-0.13455764742724421,-0.15675639345254622,-0.158976207655101,0.054984031149698,-0.08711924379876856,-0.04043269653670897,0.13012165497202172,0.17828979047914728,0.02457077810783362,-0.05843222467513,-0.4559242054987119,0.038357282745887344,-0.009709179981112849,-0.04331192609476046,-0.11271447152945623,-0.12483912321502771,-0.02458653046033379,-0.0540604856179103,-0.0440299431146791,0.03876270975112187,0.036148506982460665,0.07168704779399998,0.017726683211884045,0.003981972327461992,0.026513389703652513,-0.03986144987446717,0.03633948389014696,0.0370597050853918,-0.03563329561018094,-0.0027405876376664223,-0.008171979882008351
39,0.5510483648262028,0.08132734102652434,-0.11013806176861676,0.4276717754382948,-0.03072427939498619,-0.05383989200214619,-0.10994194228262878,0.10192042622629205,-0.22305840770442625,-0.2981928457230907,-0.2226549793594103,-0.028056459668775076,-0.09874468854777994,-0.12189459730893674,0.1512583775740075,0.018449777137958423,-0.08518591729822957,0.06970116517553952,-0.015296941742610315,0.1319350813801941,-0.12329852766975018,-0.20178118408369328,0.006682308836505488,0.11189349891506141,0.005943242793331246,-0.06053035729995721,0.030482185635287443,0.0740868570347492,0.04858458120178105,0.030924412990838854,0.02726870876478195,0.1357641832488123,-0.06019171307001736,0.1205387113362101,-0.09461374552396784,0.11445420424500163,-0.031635109968904306,0.06167758383936883,0.1478840039175166,0.006005432204254124,0.06345846603180819,0.061527647930722046,-0.11031042092052988,-0.07838769745254627,0.073022488756025,-0.026822653133485936,-0.004256521868455647,-0.03653959578035814,-0.006147488375403826,-0.013505494559808755
40,0.08973857434097424,0.061807510679284736,-0.04784744006235546,0.19415278969374422,0.06083818520026713,0.10945864163582816,0.24872283608341644,0.28041151329184166,-0.04457369246562551,0.07314237207488873,-0.027677471532793818,-0.008523228035062462,0.13524590045639,-0.3014889712344904,-0.12664819234596197,-0.3093551984473871,0.11240360227108832,-0.3441458852883527,-0.18560795932866758,-0.47210957656866104,0.20021818644052147,0.15629456752605747,-0.06916254649931083,0.05654838449796974,-0.12752867028302284,0.1539736397454603,-0.04947920944550502,0.1065921966943642,0.05450043709912364,-0.04724998917156846,0.00881213779466804,-0.02146323457402405,0.0771673735405694,0.0654838253394599,-0.011753897798932548,0.1330295443832512,0.01832148388765656,-0.08518645611183881,0.0502487442009345,-0.04656988764296512,-0.02166373461624202,-0.00577401658224507,0.01590177383608077,-0.01258358383227891,-0.006357913491096982,-0.020081660803651154,0.007838116555650837,-0.019450941329024574,-0.015330107033092025,0.0022883174661681278
41,0.3160743908140004,0.016693025241213126,-0.052639556975683024,0.1839178198748878,-0.14196554452155777,-0.2722896406253541,-0.12843061576232356,-0.041406909962856155,-0.27115145415754616,-0.1260854065663657,-0.11215936588047973,-0.02304011064580523,-0.2714915237336693,0.029689180444569398,0.24315743029002818,0.26077155240722216,0.0178842579247859,-0.28110654835685484,0.001921366513904968,-0.21094225138593053,-0.047244745500529886,0.07839047350870086,0.17835166515601708,-0.2763908767606599,0.05887366586706068,0.08695486441149058,0.1475016449568073,0.13533426484719083,-0.18142262106833215,0.03813468064333553,-0.09639290908282533,-0.12413291877365323,0.16910047887718016,-0.013059011830019944,0.1307572966364972,-0.16087859980189215,0.012285216905857405,-0.04330014073383918,-0.11550176163022832,-0.04205059857961582,0.01050823887545732,0.014033465303361685,-0.004670712824872858,-0.046725021133981914,-0.0616856287416336,0.02044934982582628,0.006256050165777821,0.00604876613577298,0.005297417229132685,0.012608003100320675
42,0.18106376440216065,-0.031827738629332566,-0.0061796870025589545,0.03909916343614273,0.07862887864865575,0.348317122765939,-0.3081347696846358,-0.24243067632866658,0.20022776438845316,0.4077975686804728,-0.11351970650652506,-0.027125031892420975,-0.1264804199874353,-0.1614106087530568,0.12230377294717976,-0.11835026666630416,-0.09083420266818956,0.09803313779747458,-0.24680896051754783,-0.09301619616686979,-0.03887405989550311,0.10919117127128553,0.06834228108569235,-0.24759443722330562,0.12686324796515883,-0.07085952245324814,-0.030455497794077847,0.19845251379829293,-0.006028123918053387,0.0945104468352948,-0.02093114117785005,0.10059725742139097,-0.2722886022584766,-0.13313639524757978,-0.013256425146092647,0.08325131856729556,-0.1001534013920807,-0.020041677747745748,-0.13245266559904917,-0.01955831301789009,-0.08683895692314633,-0.0019609840834345915,-0.005619860383053503,-0.04513919291033773,0.02140982856953136,0.056561703001675706,0.052201663210761445,-0.028308789379247107,-0.012756305790475583,-0.01692412252183223
43,0.2434252157262509,-0.07087402440478029,0.011364567515730999,0.05322573958773555,0.07770754800841989,0.005338505756954678,-0.5112946976402949,0.39115882824138387,0.05992398229639821,-0.26713772407455666,0.4435940112911784,-0.14726077064880178,-0.047996476662214925,-0.07449592188824715,0.002999509423383319,-0.025515512858346363,-0.05982749339739387,0.037784439914805214,-0.10592175794337838,0.06094373193445054,0.06812702422983355,-0.10106960233861276,-0.07315150851366603,0.015414409027431158,-0.01709710221186371,0.03944457085795876,-0.043816027475446315,-0.02301769681239342,0.20769333837567133,0.049246504425775835,0.13856005345460387,-0.08270525859733012,0.0384094072151948,-0.11065085601476773,-0.05351807809706011,0.07538906549928605,0.14899016204158694,0.12421717700660388,-0.06629418763558648,-0.054086551536953145,-0.04722882915860931,0.015108743508975314,0.08577697496415455,-0.10873128734107906,-0.011842382657106104,0.02090575015479796,0.012286824831198362,0.061349866673996445,0.018002763685918965,0.0013194703613630954
44,0.019691346795163066,-0.009180492829591144,0.004641723801882269,-0.02715347337135549,-0.037454700465926395,-0.06325680931112482,0.0038904934285582185,0.031307800941249006,0.08711055555079145,0.06326412897941908,0.014250727019237283,-0.027963118912232632,0.44027080813829567,-0.0282457202345993,0.5106715824239246,-0.001585689564825854,-0.1390384522566025,-0.08826466833078964,0.10299898840569578,-0.01438598259731852,-0.291321657337249,0.09685856306353982,-0.05159528729602256,-0.072054872104452,-0.45369191505348216,-0.07197847655132335,-0.03618768061367031,-0.022175376164242845,0.16571383568919365,0.18097105667533298,0.04531502917764718,-0.11440743987431287,0.03454867907020778,-0.16241601158577237,-0.1006313823100686,-0.09673787922217988,-0.14682446564705123,-0.11428384769128791,0.08284295367555841,-0.04217500188128006,0.004177038790122961,0.01446361545119534,-0.03705667157490029,0.019897393087180776,0.02706446350305225,0.04250071037367817,-0.004661156926937832,0.03271798523702113,-0.009856718777920465,0.003947771793806451
45,0.0,0.0,0.0,0.0,0.0,0.0,0.0,0.0,0.0,0.0,0.0,0.0,0.0,0.0,0.0,0.0,0.0,0.0,0.0,0.0,0.0,0.0,0.0,0.0,0.0,0.0,0.0,0.0,0.0,0.0,0.0,0.0,0.0,0.0,0.0,0.0,0.0,0.0,0.0,0.0,0.0,0.0,0.0,0.0,0.0,0.0,0.0,0.0,0.0,0.0
46,0.37243428330509776,-0.08103187615634637,0.02289126906645175,-0.058004866245413046,0.19803070898221087,0.5736561148483468,-0.15555919223013223,-0.1775194478275557,0.16981885619766274,0.07360956307345365,-0.2168728318201643,-0.00027242069147801525,0.037732780197477625,0.21329912630475445,0.09712955828195563,0.11635646027868923,0.12367641929615475,-0.12623527951958702,-0.12201915126332616,0.09062179222359527,0.1417072910409088,0.12366699397774458,-0.11574230520683382,0.10540428321048806,-0.0587338516782431,0.025625126205427874,-0.043086008942665725,-0.11496719056899729,-0.12634899918640996,-0.12081040382301533,-0.05310522789747419,-0.1617919198388863,0.13030419668399637,-0.11758694795689732,0.09814436388828451,-0.001227858914209859,0.020220873032112938,-0.0358250592391679,-0.05632720937726313,-0.013102651908226001,0.12159944746529383,0.11012565189557952,0.03636336096506672,0.02310950272377868,0.07278000584240946,-0.02813728885107865,-0.030446137301741533,-0.016307885518759252,0.016344219030504856,-0.02375515033539545
47,0.3565935837300602,-0.2559109422016172,0.06897644197472509,-0.2615451378896164,-0.19101455571097664,-0.26988992246621174,0.029956487063405007,0.1508981897127027,-0.016791515749460584,0.1864152811586233,0.0637874998496828,-0.029187003405133242,0.32106020172992644,-0.04501314256433672,-0.03414664206425495,-0.03438766604512034,-0.11291212671371514,0.08739300064503105,-0.14108429074052975,0.19443115239306222,0.1863691248478371,0.21555532747103476,-0.03975588653716816,-0.03966449968960533,0.03193453058124773,-0.020408586476263563,0.18148016722928048,0.024015412618664682,-0.21807600902033808,-0.2832324889346303,-0.11592101249462591,0.15988513679892608,-0.13053565684604757,0.15135951020023924,0.0819822176610232,-0.059707358105564254,-0.004656000055641929,0.028568760828912715,0.09723558265618054,-0.14125620266507438,-0.025859083015204204,0.03640700580183679,-0.01187841343826232,-0.004866479056537226,0.03144683315625705,0.054720802887371134,-0.011076069660175509,0.050931081305821094,-0.007209621990476284,0.005175185843227924
48,0.3668930497242258,0.3347235692073188,-0.14056983185862232,0.44725213682182385,-0.02205978814438925,-0.12263509581864938,0.05398564428233366,-0.3223762676762131,0.02347396471852169,0.047154190042673114,0.2178042802671161,0.11866129526041905,0.1319523345248315,0.027346898363376428,-0.1316702674180457,-0.1155076427892152,-0.009733326537724914,0.29884464644045017,0.12619566938114762,-0.016673955312074648,-0.027484941426081048,0.16959036374941294,-0.1047305448008631,-0.032448005067043914,0.011846036629848296,-0.11060016938618884,-0.05164469895748986,-0.2510398291177555,0.0262028115106666,-0.06969610092092418,0.07355622350814323,-0.023205223513087493,0.09572524903826397,0.06176050873828634,0.0011526054613320708,-0.02777807619217243,0.10750503594463395,-0.09250519941062013,-0.024023264364562327,0.03001346385729338,-0.09952782106676773,-0.06312689525267313,0.0760056666961277,0.06464880275803798,0.026718611003857966,0.02704708905129069,-0.0008296350220425176,0.009168784068823155,-0.014174658374077446,-0.020836736464357408
49,0.6159446325888491,-0.177674635484626,-0.00916728505666681,0.03566899474108646,-0.23270926505599338,-0.32948253300241237,-0.16014964313804592,0.09669627203389078,-0.25110777310739646,-0.06848176712481567,-0.22135517765871165,-0.051808845154107316,-0.2415331020744194,-0.01873619500599123,0.126748762517293,0.14979811548880562,-0.08041573584956246,-0.08336608621929018,-0.1272576542607009,-0.09642098577007052,-0.04316124240514817,-0.113451036264829,0.14830397828193667,0.04410834564033754,-0.049130316159382105,0.10678182120723813,-0.028109228311952082,0.00566371738799451,0.0761194982088086,-0.061466879106325,0.006980489536583465,-0.014335203543392933,0.032985291345063505,0.02838668609646631,-0.04757360124025039,0.01717070488045218,-0.11895654992121601,0.05373623397959412,-0.001699226826723299,0.029551493670304088,-0.09108565093571386,-0.04316500055517948,0.11743787661852018,0.14777058541367302,0.05044613218021147,-0.011010248492060254,-0.015688963889241313,-0.003899254378471377,-0.006078256808063389,-0.01368684701637663
50,0.0,0.0,0.0,0.0,0.0,0.0,0.0,0.0,0.0,0.0,0.0,0.0,0.0,0.0,0.0,0.0,0.0,0.0,0.0,0.0,0.0,0.0,0.0,0.0,0.0,0.0,0.0,0.0,0.0,0.0,0.0,0.0,0.0,0.0,0.0,0.0,0.0,0.0,0.0,0.0,0.0,0.0,0.0,0.0,0.0,0.0,0.0,0.0,0.0,0.0
51,0.07311048185323857,-0.027344385353021982,0.013132319799644366,-0.07497060109613422,-0.09105671088367143,-0.14090559646221706,0.008344191774721553,0.06151503526872027,0.15821646260584254,0.10840133953101008,0.022855801044559903,-0.042367735240114446,0.6244522431861915,-0.0370278928947759,0.6057113779462995,-0.0017000233556659586,-0.13894895518474765,-0.069615340652739,0.06592731699752209,-0.007806644555693638,-0.11096275016887028,0.025511695311325258,-0.01055811007018042,-0.010067807637512423,-0.029835743734030112,0.008696062572890996,0.006231112137666507,0.006618528844771656,-0.05489072369041241,-0.08763389780736748,-0.0227132222277102,0.07027882068865743,-0.022352891542766845,0.1115398016351749,0.08982359067188798,0.09783954702269787,0.15341606813165842,0.13137936958767443,-0.10343530421065447,0.056810636898688344,-0.005945451910028522,-0.021187711712633547,0.055580498857477956,-0.03002519231984882,-0.04233334850822518,-0.06876766302190038,0.007606960212920101,-0.05387144229850524,0.016796303336597346,-0.006781487279223411
52,0.08727107366139575,0.4684227311689231,-0.018118979400750954,-0.21072181868579112,-0.17897753445479206,-0.09496831912164411,-0.038345981681775235,0.0460302694115496,0.42123668793349356,-0.0785672027630109,-0.13869070755535517,-0.06849357277922735,-0.013504042334250177,-0.19805972627978768,-0.16479424582954233,0.154066099841783,0.32925965672592455,-0.08657637682529436,-0.14391871607860307,0.14712153892000468,-0.03225129803548202,-0.09751025877653248,0.13616446860627973,-0.1630211819825251,-0.2739396024610402,-0.14873318127592544,0.12938408456034173,0.03178362765452257,0.09635617585238555,-0.054327603662771826,-0.051006140903805786,0.016991030396482577,0.010079340217527016,0.09748400412119108,0.05384502403836078,0.09045577673531884,0.057325390912202186,-0.000627577618470071,-0.07425809503352138,0.07935326821032367,0.050010350930758674,-0.041734579379016756,-0.02141105658731746,0.020330350751575736,0.011179501450397063,0.014829985097207274,0.005010388010359329,0.015702100243445136,-0.01393066880868532,0.0016701173173544832
53,0.4215644357183305,0.039350970771202476,-0.025654292085286648,0.13641268578085963,0.26352981947235726,0.38403046588609596,0.19947880705307064,-0.08581354838235417,0.012736985889974742,-0.24522572799539702,-0.13196032932859392,0.04100953758091574,0.28291266645763247,0.11056509371916898,-0.12332022703209373,0.13983519560996466,0.017296732219586074,0.04162786760944555,0.12934912647961244,0.2777527128699261,0.044958706433862725,0.026230576536245116,0.09219269797548225,-0.11475152710876592,-0.0013429801121404815,0.22055574468720068,0.0006815365083997892,0.06986872505337434,-0.050806249043141724,-0.022812387517882164,-0.09881319104699,-0.2054541979484731,0.056678988812285294,-0.15787276216455584,0.0655681867810442,0.15815008098468009,-0.039592231543418246,0.1329957960916305,0.08400894367230936,-0.04694807278969929,-0.059225284866798386,-0.0831812989846549,-0.015493683166643013,0.013574170395922402,0.001490618655132725,0.001259407111977473,0.06016269955557227,0.023256207698276295,-0.018088107605578482,0.02117234069732203
54,0.146845629958751,0.23370612926942316,-0.07417552357283938,0.18154518045125653,-0.1146484388438925,-0.1968854384330584,0.05136993847816872,-0.08847630913506381,0.35370728723735984,0.04436982311540536,0.09643222485386013,0.0671149639220839,-0.1074880892625545,0.4994933421998212,-0.0771201600422215,-0.23217415920060544,-0.21787016375000626,-0.02732680303454403,0.046189295502716936,-0.03869549097356709,0.09863164492089535,0.13002557215052682,-0.16767948894855703,0.12392623696515645,-0.11322692455078888,0.08280928247320553,-0.08661526949869204,0.3392345406435593,0.04434726898809055,-0.014892660395361912,0.007141655258976594,0.00852867938947094,-0.010123377125749622,-0.019039988318571302,0.005456189490908062,-0.17510571147216078,-0.031520646809170105,0.2251105509574854,-0.04180637710892912,0.08369358325803648,0.0184714495799871,-0.0024621868181116677,-0.02009258423860892,0.005554166356423661,0.0040475258032238726,-0.01629624362584825,0.005974786537402056,-0.024384445063819843,-0.0313957057230151,0.008293831546510429
55,0.048233870571741,0.11869596983818025,-0.013559422246734112,-0.02857386964711698,-0.09521637941757713,-0.12145871802795802,-0.006050342611729562,-0.00359426914127447,0.2976952760080241,0.012302540356347405,-0.0233724095261466,-0.026042823519037223,0.35277875926964514,0.010152726688932625,0.32330160340628195,0.029347403316545527,0.09771556265492162,-0.028259422757860204,0.0357951507256635,-0.15347360897494286,0.19135071404098025,-0.31353697952786264,0.10422743051681196,0.13414883844431796,0.6112775143571949,0.11792325325269562,-0.10698871338129318,0.00783768513839113,-0.02040471742540079,0.04856009810804811,0.05207472477367976,-0.03726508246096982,0.0842681385118136,-0.00928754898584927,-0.04183720225887105,0.048403948641724454,-0.015043444612337753,-0.07662972582551916,-0.018448124137751404,0.0733498519609597,0.028381446195840446,-0.007986014591665244,-0.05523532653422802,0.04013670733932784,0.028225250576203405,0.050018953144887135,-0.0014043103847784164,0.03521030817614523,-0.020314517361812445,0.0064244591055874975
56,0.3512505826180479,-0.07784713263148203,-0.00979802393858297,0.07315769268644999,0.07074320320829205,0.33762900964206277,-0.3962384511062339,-0.04917524129196377,0.09318545073323771,0.12059715164202603,-0.25633943331955966,-0.11419049517493995,-0.2073048580067549,-0.010987942008526645,0.2745009390874977,-0.036615169592345384,0.0515388131946425,-0.10625678770802338,-0.21901649943697926,0.13113799177472152,0.12323809013518602,-0.028975029704060677,-0.22930193431715964,0.2400311901161836,-0.04585254751851897,-0.06818323796954504,-0.14071826973255797,-0.1415096429481987,0.1300632136409177,-0.10639042429063843,0.04728606540021061,0.07367772838993443,-0.005664858954529187,0.1314674625916315,0.0031348616187657358,-0.1558278931480799,0.07200085465810745,-0.05930442961423289,0.06702594024028977,0.014240363070412789,0.002388351811394712,-0.07313500233516418,-0.03772461570101979,0.024993458619956777,-0.11269755586159112,0.02688475942030753,0.019629251342378,0.004196553656323293,-0.007609883151477925,0.02438588781402032
57,0.1436753384587557,-0.05030643835557408,0.05093477478902579,-0.023795652085660618,0.20334176563048484,0.03004460399753059,-0.403894252141379,0.3428506359324889,0.13546904300325602,-0.23868802693089003,0.4897132982449244,-0.00185558334497846,0.058360181563542765,0.04108291312082623,-0.1293775129459457,0.05302204976993774,0.02520586135797037,-0.007155699056262269,0.03150473044110397,-0.15495081842320876,-0.14858744575337107,0.017183024940280633,0.13913794009595234,-0.010690899157646538,-0.0015476699910004304,-0.05625216139043312,-0.32291220075830607,0.0029122710559711775,-0.01536196141184392,0.056149382097521884,-0.09394642655864563,0.028664623219651537,-0.1127682675017083,0.03184471239312157,0.2767178210609107,-0.044027451829425544,0.017263211121089486,-0.05633432841046626,-0.032977730617813734,-0.07392367579715017,-0.0036012052090828237,0.01153168472513479,-0.08786039410838142,0.07903304924641882,0.050958902315001206,-0.02324628971856354,-0.046654157568324806,-0.02490331470035914,-0.01901161744855839,0.006317688498828911
58,0.2561423720658688,0.14152770315284707,-0.10406840497898669,0.4121044206348742,0.11370509284645015,0.18744292417008418,0.41010332268494604,0.4235674619607491,-0.06223827328075612,0.09634833025873643,-0.03412588120932722,-0.009927771754391992,0.1474692545659523,-0.30384060449905076,-0.11548380162557947,-0.2549718142119709,0.086357214680076,-0.20866935631840422,-0.09133286359093973,-0.19695441537134706,0.058628124207859414,0.03164777750797019,-0.01088040750710053,0.006074209905225569,-0.006447356660905519,-0.014300934506234209,0.006549763315771437,-0.0244576045542471,-0.01387836189986625,0.017589875109013435,-0.003395594345314543,0.010135925408791732,-0.038382567163376735,-0.03457268457137408,0.00806560444938069,-0.10343416452315207,-0.014717400221910152,0.0752854251337696,-0.04823213314929841,0.04822561487939989,0.02370542386644688,0.0065025432782706985,-0.01833579059139248,0.014597954335398487,0.007645323203283389,0.02497961495890946,-0.009833931379783067,0.02462128474631822,0.020082814021298856,-0.003021949643403929
59,0.42898764461335587,-0.3044489782747977,0.0781932000159104,-0.2962431922356201,-0.19562461464764858,-0.18836362043946117,0.020059327530792585,0.05602094528487935,-0.029580542217731178,0.3359965392676469,-0.11580077373108091,-0.02445366464152575,0.029577332777449953,-0.034232290083199,-0.2555828372648176,-0.16737419160318714,0.07891252417234441,0.03752216049791364,0.27390915010411715,0.04395656249228312,0.013429174295325703,0.022804415243904794,0.09411075455558737,0.058407417140664455,0.004532868195401208,-0.04068351321524722,-0.07975585235901614,-0.023393780603553294,0.08971089621463521,0.36191641997223967,0.013505844309108592,-0.059680383105029156,0.10962119208294735,0.054466572590579604,0.07470266781721294,0.0456738061126099,0.12010089752771722,0.08502973406598559,0.04507951025302482,-0.05782665214160085,0.10619020708979912,0.06597425441734678,0.019317402656257872,0.0386528996562858,-0.055830134237623605,0.07427104358147052,0.04518378907109832,-0.04501746789369146,-0.005583397045281864,-0.010644985924642355
60,0.13474205907628156,-0.08196656590177026,0.02616010300514965,-0.04534555933918482,0.013624715058689306,-0.06808417927120472,-0.2822933299189352,0.2980180133832551,0.05419828228439429,-0.1288897105486697,0.39775894468652817,-0.10001740670861642,0.12770598426399266,-0.059884424690556694,-0.05999647228166346,-0.021388301812317434,-0.114251816390018,0.10868112190529008,-0.26671010491920355,0.20907166162919183,0.3083920114698566,0.19253086761729013,-0.16713394932167647,-0.10916712366242527,0.05990726394689999,0.0007210779106179158,0.33171807961244115,0.015169840509339894,-0.13411166761294346,0.22690775520624165,-0.028198570072893586,-0.06041455339973545,0.1434065711426397,-0.011534957670620793,-0.12928574273401439,-0.012527161384062263,-0.13226363352450354,-0.0928929989370749,0.009845624660041435,0.12395287151435924,0.04224608876613396,-0.028010272436365856,-0.022744857298792748,0.04560838524633175,-0.018975237450156633,-0.02693140469074712,0.009070301657529806,-0.04672702746295352,-0.002335823004996046,-0.00406711791662151
